{"epoch/train_reg_loss":1.5217617750167847,"_timestamp":1.7615359624027793e+09,"epoch/train_cls_loss":0.006146294064819813,"val/reg_loss":0,"val/cls_loss":0,"lr":7.535202018190981e-06,"_step":40919,"step":40800,"val/FN":0.058310376492194664,"_runtime":4778,"train/reg_loss":0.970056414604187,"train/loss":1.042780876159668,"val/Accuracy":0.9453299226026491,"epoch/train_loss":1.5832248380517258,"train/cls_loss":0.007272445131093264,"val/FP":0.0352157943067034,"_wandb":{"runtime":4778},"val/loss":0,"epoch":100}