{"_runtime":200.28146336,"epoch":2,"_step":357,"_timestamp":1.7615185210063033e+09,"global_step":0,"_wandb":{"runtime":200}}