{"train/cls_loss":0.07451557368040085,"_wandb":{"runtime":443},"train/loss":3.271580696105957,"lr":0.0002997609359753208,"_runtime":443,"_timestamp":1.761511256237533e+09,"_step":815,"train/reg_loss":2.5264248847961426,"epoch":4}