{"train/reg_loss":1.2750228643417358,"epoch/train_cls_loss":0.0451396144926548,"_wandb":{"runtime":11325},"epoch/train_loss":1.9918880526926004,"lr":0.0001737726765713153,"val/FN":0.19811753902662996,"val/reg_loss":0,"epoch/train_reg_loss":1.5404919385910034,"train/cls_loss":0.047031525522470474,"step":20400,"_step":20519,"val/loss":0,"val/cls_loss":0,"_runtime":11325,"epoch":100,"val/FP":0.05188246097337005,"_timestamp":1.7615302308647358e+09,"train/loss":1.7453380823135376,"val/Accuracy":0.8376971828676373}