{"val/FN":0.267447199265381,"epoch/train_loss":6.759269426850712,"val/reg_loss":0,"train/reg_loss":2.3563430309295654,"train/cls_loss":0.09937729686498642,"val/loss":0,"train/loss":3.350116014480591,"epoch/train_cls_loss":0.10943934321403503,"_timestamp":1.7615103461278584e+09,"_runtime":366,"epoch/train_reg_loss":5.6648759841918945,"lr":0.00029986551085301485,"_step":617,"_wandb":{"runtime":366},"val/Accuracy":0.8336346418732782,"epoch":3,"val/FP":0.23870523415977968,"val/cls_loss":0}