{"_runtime":18,"lr":0.0002999996979734282,"_step":28,"epoch":1,"train/cls_loss":0.5777555108070374,"_timestamp":1.7614531954365625e+09,"train/loss":10.045064926147461,"train/reg_loss":4.267509937286377,"_wandb":{"runtime":18}}