{"epoch":9,"epoch/train_loss":2.264630153190856,"_wandb":{"runtime":397},"train/cls_loss":0.05992855504155159,"epoch/train_reg_loss":1.8971989154815674,"_runtime":397,"_step":3680,"epoch/train_cls_loss":0.03674319013953209,"lr":0.00029518366457853464,"_timestamp":1.7614335756840014e+09,"train/loss":2.0204904079437256,"train/reg_loss":1.421204924583435}