{"train/reg_loss":1.6506335735321045,"epoch/train_cls_loss":0.03969591483473778,"epoch/train_reg_loss":2.378910541534424,"val/reg_loss":0,"step":3899,"epoch/train_loss":2.7758695746169373,"lr":0.0002945735016252422,"val/loss":0,"val/cls_loss":0,"epoch":10,"_step":3908,"val/FN":0.07483930211202938,"val/Accuracy":0.9313651941492859,"_runtime":3489,"_timestamp":1.7615961145711782e+09,"train/loss":1.8552902936935425,"_wandb":{"runtime":3489},"val/FP":0.1595041322314053,"train/cls_loss":0.0204656720161438}