{"_timestamp":1.7614426154938831e+09,"val/Accuracy":0.9340400760855305,"epoch/train_reg_loss":2.206559419631958,"epoch/train_cls_loss":0.020359570160508156,"val/FP":0.0680899908172635,"train/reg_loss":1.020546555519104,"epoch":33,"val/cls_loss":0,"train/cls_loss":0.004762633237987757,"_step":13265,"lr":0.00024140202710853034,"val/reg_loss":0,"val/FN":0.0707070707070707,"val/loss":0,"_wandb":{"runtime":1481},"train/loss":1.0681729316711426,"_runtime":1481,"epoch/train_loss":2.4101550771909603}