{"train/loss":2.3210577964782715,"_step":3671,"train/cls_loss":0.06243469566106796,"lr":0.00029518366457853464,"_runtime":384,"_timestamp":1.7614319779515214e+09,"train/reg_loss":1.6967108249664307,"epoch":9,"_wandb":{"runtime":384}}