{"train/loss":2.050055503845215,"_step":3671,"_wandb":{"runtime":395},"lr":0.00029518366457853464,"train/reg_loss":1.7035411596298218,"epoch":9,"train/cls_loss":0.03465142101049423,"_runtime":395,"_timestamp":1.761431460273681e+09}