{"epoch/train_cls_loss":0.008985782973468304,"val/loss":0,"_runtime":36343,"train/cls_loss":0.07718583941459656,"epoch/train_reg_loss":0.9937009215354919,"lr":7.535202018190981e-06,"step":40800,"val/cls_loss":0,"train/loss":1.6063547134399414,"epoch/train_loss":1.0835589762119686,"epoch":100,"val/Accuracy":0.9463834776334783,"val/FP":0.050137741046831934,"val/reg_loss":0,"train/reg_loss":0.8344963192939758,"_timestamp":1.7616325829706724e+09,"_wandb":{"runtime":36343},"val/FN":0.05670339761248852,"_step":40909}