{"epoch":54,"train/reg_loss":2.0096426010131836,"train/loss":2.4699645042419434,"train/cls_loss":0.04603220149874687,"_timestamp":1.7615176977112951e+09,"_step":10854,"lr":0.0002596361751062076,"_wandb":{"runtime":6065},"_runtime":6065}