{"epoch/train_reg_loss":3.200979232788086,"_runtime":502,"train/reg_loss":1.667120099067688,"epoch/train_loss":3.5394003069868276,"val/cls_loss":0,"val/Accuracy":0.920331562377017,"epoch":10,"_timestamp":1.7614439351444376e+09,"val/reg_loss":0,"train/loss":2.0450265407562256,"val/FP":0.07736455463728188,"_wandb":{"runtime":502},"_step":2059,"val/loss":0,"lr":0.0002985079329999198,"val/FN":0.09090909090909093,"epoch/train_cls_loss":0.03384215012192726,"train/cls_loss":0.03779064491391182}