{"global_step":583,"epoch":3,"train/cls_loss":0.09830638021230698,"train/reg_loss":2.9162204265594482,"_wandb":{"runtime":322},"_step":583,"_runtime":322.385744381,"_timestamp":1.7615188552067342e+09,"train/loss":3.8992843627929688,"lr":0.0002998779528871951}