{"epoch/train_loss":2.038474628153969,"val/Accuracy":0.9409148301193744,"_wandb":{"runtime":4437},"epoch":100,"epoch/train_reg_loss":1.9594124555587769,"val/reg_loss":0,"val/FP":0.04251606978879706,"lr":0.0001737726765713153,"val/FN":0.06336088154269971,"train/loss":0.8723948001861572,"_step":20519,"val/cls_loss":0,"_timestamp":1.7614492393354547e+09,"_runtime":4437,"epoch/train_cls_loss":0.007906235754489899,"train/reg_loss":0.80491703748703,"train/cls_loss":0.006747775245457888,"val/loss":0}