{"train/loss":1.5755695104599,"epoch/train_reg_loss":1.8388010263442993,"val/loss":0,"val/Accuracy":0.9244514954742223,"val/FP":0.06951331496786041,"val/reg_loss":0,"epoch/train_loss":2.2033396819058586,"epoch":9,"val/FN":0.07920110192837466,"epoch/train_cls_loss":0.036453887820243835,"_timestamp":1.761435024557008e+09,"train/reg_loss":1.4138904809951782,"_step":3681,"_runtime":395,"train/cls_loss":0.016167903319001198,"val/cls_loss":0,"lr":0.00029518366457853464,"_wandb":{"runtime":395}}