{"_wandb":{"runtime":161},"train/cls_loss":0.035161688923835754,"val/reg_loss":0,"val/Accuracy":0.8965937786960512,"val/loss":0,"_timestamp":1.7615307355111258e+09,"step":612,"_step":617,"val/FN":0.1584022038567493,"train/reg_loss":2.1145005226135254,"val/FP":0.1747474747474748,"epoch/train_reg_loss":2.853757381439209,"epoch":3,"epoch/train_cls_loss":0.06066582351922989,"lr":0.00029986551085301485,"val/cls_loss":0,"_runtime":161,"train/loss":2.4661173820495605,"epoch/train_loss":3.4604159441648745}