{"_runtime":1472,"_timestamp":1.7615377233912373e+09,"epoch/train_loss":1.8606112431369575,"val/reg_loss":0,"train/cls_loss":0.014549109153449535,"val/cls_loss":0,"train/reg_loss":1.7663289308547974,"train/loss":1.9118200540542603,"val/FN":0.06932966023875115,"val/Accuracy":0.9357208448117538,"_wandb":{"runtime":1472},"epoch":27,"epoch/train_reg_loss":1.643632411956787,"step":11016,"val/FP":0.07617079889807157,"val/loss":0,"lr":0.0002584888859446162,"_step":11044,"epoch/train_cls_loss":0.021697910502552986}