{"epoch/train_reg_loss":0.7780775427818298,"lr":7.535202018190981e-06,"val/FN":0.05486685032139577,"epoch":100,"_timestamp":1.7615442217338948e+09,"epoch/train_cls_loss":0.004279852379113436,"_runtime":5447,"step":40800,"train/cls_loss":0.0012433596421033144,"_wandb":{"runtime":5447},"_step":40909,"val/reg_loss":0,"train/loss":0.5733011364936829,"val/cls_loss":0,"val/FP":0.02970615243342516,"train/reg_loss":0.5608675479888916,"epoch/train_loss":0.8208759419766127,"val/loss":0,"val/Accuracy":0.9454488062442605}